Stage,Date & Time (US EDT/UTC-4),Date,Eastern Daylight Time,Date & Time (Vietnam),Column 1,Column 2,Team 1,Team 2,Match #,Location,Ours?,Column 4,Column 5,Column 6,Column 7,Column 8,Column 9,Column 10,Column 11,Column 12,Column 13,Column 14,Column 15,Column 16,Column 17,Column 18,Column 19,Column 20,Column 21
Group A,"Thursday, June 11, at 3:00 PM",June 11,15:00,"Friday, 12 June 2026 at 02:00:00",June 12,2:00,Mexico,South Africa,1,"Estadio Azteca, Mexico City",Y,,,,,,,,,,,,,,,,,,
Group A,"Thursday, June 11, at 10:00 PM",June 11,22:00,"Friday, 12 June 2026 at 09:00:00",June 12,9:00,South Korea,Czechia,2,"Estadio Akron, Zapopan",Y,,,,,,,,,,,,,,,,,,
Group B,"Friday, June 12, at 3:00 PM",June 12,15:00,"Saturday, 13 June 2026 at 02:00:00",June 13,2:00,Canada,Bosnia and Herzegovina,3,"BMO Field, Toronto",,,,,,,,,,,,,,,,,,,
Group D,"Friday, June 12, at 9:00 PM",June 12,21:00,"Saturday, 13 June 2026 at 08:00:00",June 13,8:00,United States,Paraguay,4,"SoFi Stadium, Inglewood",Y,,,,,,,,,,,,,,,,,,
Group B,"Saturday, June 13, at 3:00 PM",June 13,15:00,"Sunday, 14 June 2026 at 02:00:00",June 14,2:00,Qatar,Switzerland,8,"Levi's Stadium, Santa Clara",,,,,,,,,,,,,,,,,,,
Group C,"Saturday, June 13, at 6:00 PM",June 13,18:00,"Sunday, 14 June 2026 at 05:00:00",June 14,5:00,Brazil,Morocco,7,"MetLife Stadium, East Rutherford",,,,,,,,,,,,,,,,,,,
Group C,"Saturday, June 13, at 9:00 PM",June 13,21:00,"Sunday, 14 June 2026 at 08:00:00",June 14,8:00,Haiti,Scotland,5,"Gillette Stadium, Foxborough",,,,,,,,,,,,,,,,,,,
Group D,"Saturday, June 13, at 11:59 PM",June 13,23:59,"Sunday, 14 June 2026 at 10:59:00",June 14,10:59,Australia,Türkiye,6,"BC Place, Vancouver",Y,,,,,,,,,,,,,,,,,,
Group E,"Sunday, June 14, at 1:00 PM",June 14,13:00,"Monday, 15 June 2026 at 00:00:00",June 15,0:00,Germany,Curacao,10,"NRG Stadium, Houston",,,,,,,,,,,,,,,,,,,
Group F,"Sunday, June 14, at 4:00 PM",June 14,16:00,"Monday, 15 June 2026 at 03:00:00",June 15,3:00,Netherlands,Japan,11,"AT&T Stadium, Arlington",,,,,,,,,,,,,,,,,,,
Group E,"Sunday, June 14, at 7:00 PM",June 14,19:00,"Monday, 15 June 2026 at 06:00:00",June 15,6:00,Ivory Coast,Ecuador,9,"Lincoln Financial Field, Philadelphia",,,,,,,,,,,,,,,,,,,
Group F,"Sunday, June 14, at 10:00 PM",June 14,22:00,"Monday, 15 June 2026 at 09:00:00",June 15,9:00,sweden,Tunisia,12,"Estadio BBVA, Guadalupe",,,,,,,,,,,,,,,,,,,
Group H,"Monday, June 15, at 12:00 PM",June 15,12:00,"Monday, 15 June 2026 at 23:00:00",June 15,23:00,Spain,Cape Verde,14,"Mercedes-Benz Stadium, Atlanta",,,,,,,,,,,,,,,,,,,
Group G,"Monday, June 15, at 3:00 PM",June 15,15:00,"Tuesday, 16 June 2026 at 02:00:00",June 16,2:00,Belgium,Egypt,16,"Lumen Field, Seattle",Y,,,,,,,,,,,,,,,,,,
Group H,"Monday, June 15, at 6:00 PM",June 15,18:00,"Tuesday, 16 June 2026 at 05:00:00",June 16,5:00,Saudi Arabia,Uruguay,13,"Hard Rock Stadium, Miami Gardens",,,,,,,,,,,,,,,,,,,
Group G,"Monday, June 15, at 9:00 PM",June 15,21:00,"Tuesday, 16 June 2026 at 08:00:00",June 16,8:00,Iran,New Zealand,15,"SoFi Stadium, Inglewood",Y,,,,,,,,,,,,,,,,,,
Group I,"Tuesday, June 16, at 3:00 PM",June 16,15:00,"Wednesday, 17 June 2026 at 02:00:00",June 17,2:00,France,Senegal,17,"MetLife Stadium, East Rutherford",,,,,,,,,,,,,,,,,,,
Group I,"Tuesday, June 16, at 6:00 PM",June 16,18:00,"Wednesday, 17 June 2026 at 05:00:00",June 17,5:00,Iraq,Norway,18,"Gillette Stadium, Foxborough",,,,,,,,,,,,,,,,,,,
Group J,"Tuesday, June 16, at 9:00 PM",June 16,21:00,"Wednesday, 17 June 2026 at 08:00:00",June 17,8:00,Argentina,Algeria,19,"Arrowhead Stadium, Kansas City",Y,,,,,,,,,,,,,,,,,,
Group J,"Tuesday, June 16, at 11:59 PM",June 16,23:59,"Wednesday, 17 June 2026 at 10:59:00",June 17,10:59,Austria,Jordan,20,"Levi's Stadium, Santa Clara",Y,,,,,,,,,,,,,,,,,,
Group K,"Wednesday, June 17, at 1:00 PM",June 17,13:00,"Thursday, 18 June 2026 at 00:00:00",June 18,0:00,Portugal,DR Congo,23,"NRG Stadium, Houston",,,,,,,,,,,,,,,,,,,
Group L,"Wednesday, June 17, at 4:00 PM",June 17,16:00,"Thursday, 18 June 2026 at 03:00:00",June 18,3:00,England,Croatia,21,"AT&T Stadium, Arlington",,,,,,,,,,,,,,,,,,,
Group L,"Wednesday, June 17, at 7:00 PM",June 17,19:00,"Thursday, 18 June 2026 at 06:00:00",June 18,6:00,Ghana,Panama,22,"BMO Field, Toronto",,,,,,,,,,,,,,,,,,,
Group K,"Wednesday, June 17, at 10:00 PM",June 17,22:00,"Thursday, 18 June 2026 at 09:00:00",June 18,9:00,Uzbekistan,Colombia,24,"Estadio Azteca, Mexico City",,,,,,,,,,,,,,,,,,,
Group A,"Thursday, June 18, at 12:00 PM",June 18,12:00,"Thursday, 18 June 2026 at 23:00:00",June 18,23:00,Czechia,South Africa,25,"Mercedes-Benz Stadium, Atlanta",,,,,,,,,,,,,,,,,,,
Group B,"Thursday, June 18, at 3:00 PM",June 18,15:00,"Friday, 19 June 2026 at 02:00:00",June 19,2:00,Switzerland,Bosnia and Herzegovina,26,"SoFi Stadium, Inglewood",Y,,,,,,,,,,,,,,,,,,
Group B,"Thursday, June 18, at 6:00 PM",June 18,18:00,"Friday, 19 June 2026 at 05:00:00",June 19,5:00,Canada,Qatar,27,"BC Place, Vancouver",Y,,,,,,,,,,,,,,,,,,
Group A,"Thursday, June 18, at 9:00 PM",June 18,21:00,"Friday, 19 June 2026 at 08:00:00",June 19,8:00,Mexico,South Korea,28,"Estadio Akron, Zapopan",,,,,,,,,,,,,,,,,,,
Group D,"Friday, June 19, at 3:00 PM",June 19,15:00,"Saturday, 20 June 2026 at 02:00:00",June 20,2:00,United States,Australia,32,"Lumen Field, Seattle",,,,,,,,,,,,,,,,,,,
Group C,"Friday, June 19, at 6:00 PM",June 19,18:00,"Saturday, 20 June 2026 at 05:00:00",June 20,5:00,Scotland,Morocco,30,"Gillette Stadium, Foxborough",,,,,,,,,,,,,,,,,,,
Group C,"Friday, June 19, at 9:00 PM",June 19,21:00,"Saturday, 20 June 2026 at 07:30:00",June 20,8:00,Brazil,Haiti,29,"Lincoln Financial Field, Philadelphia",,,,,,,,,,,,,,,,,,,
Group D,"Friday, June 19, at 11:59 PM",June 19,23:59,"Saturday, 20 June 2026 at 10:00:00",June 20,10:59,Türkiye,Paraguay,31,"Levi's Stadium, Santa Clara",,,,,,,,,,,,,,,,,,,
Group F,"Saturday, June 20, at 1:00 PM",June 20,13:00,"Sunday, 21 June 2026 at 00:00:00",June 21,0:00,Netherlands,sweden,35,"NRG Stadium, Houston",,,,,,,,,,,,,,,,,,,
Group E,"Saturday, June 20, at 4:00 PM",June 20,16:00,"Sunday, 21 June 2026 at 03:00:00",June 21,3:00,Germany,Ivory Coast,33,"BMO Field, Toronto",Y,,,,,,,,,,,,,,,,,,
Group E,"Saturday, June 20, at 8:00 PM",June 20,20:00,"Sunday, 21 June 2026 at 07:00:00",June 21,7:00,Ecuador,Curacao,34,"Arrowhead Stadium, Kansas City",Y,,,,,,,,,,,,,,,,,,
Group F,"Saturday, June 20, at 11:59 PM",June 20,23:59,"Sunday, 21 June 2026 at 10:59:00",June 21,10:59,Tunisia,Japan,36,"Estadio BBVA, Guadalupe",,,,,,,,,,,,,,,,,,,
Group H,"Sunday, June 21, at 12:00 PM",June 21,12:00,"Sunday, 21 June 2026 at 23:00:00",June 21,23:00,Spain,Saudi Arabia,38,"Mercedes-Benz Stadium, Atlanta",Y,,,,,,,,,,,,,,,,,,
Group G,"Sunday, June 21, at 3:00 PM",June 21,15:00,"Monday, 22 June 2026 at 02:00:00",June 22,2:00,Belgium,Iran,39,"Sofi Stadium, Inglewood",,,,,,,,,,,,,,,,,,,
Group H,"Sunday, June 21, at 6:00 PM",June 21,18:00,"Monday, 22 June 2026 at 05:00:00",June 22,5:00,Uruguay,Cape Verde,37,"Hard Rock Stadium, Miami Gardens",Y,,,,,,,,,,,,,,,,,,
Group G,"Sunday, June 21, at 9:00 PM",June 21,21:00,"Monday, 22 June 2026 at 08:00:00",June 22,8:00,New Zealand,Egypt,40,"BC Place, Vancouver",,,,,,,,,,,,,,,,,,,
Group J,"Monday, June 22, at 1:00 PM",June 22,13:00,"Tuesday, 23 June 2026 at 00:00:00",June 23,0:00,Argentina,Austria,43,"AT&T Stadium, Arlington",,,,,,,,,,,,,,,,,,,
Group I,"Monday, June 22, at 5:00 PM",June 22,17:00,"Tuesday, 23 June 2026 at 04:00:00",June 23,4:00,France,Iraq,42,"Lincoln Financial Field, Philadelphia",,,,,,,,,,,,,,,,,,,
Group I,"Monday, June 22, at 8:00 PM",June 22,20:00,"Tuesday, 23 June 2026 at 07:00:00",June 23,7:00,Norway,Senegal,41,"MetLife Stadium, East Rutherford",,,,,,,,,,,,,,,,,,,
Group J,"Monday, June 22, at 11:00 PM",June 22,23:00,"Tuesday, 23 June 2026 at 10:00:00",June 23,10:00,Jordan,Algeria,44,"Levi's Stadium, Santa Clara",,,,,,,,,,,,,,,,,,,
Group K,"Tuesday, June 23, at 1:00 PM",June 23,13:00,"Wednesday, 24 June 2026 at 00:00:00",June 24,0:00,Portugal,Uzbekistan,47,"NRG Stadium, Houston",Y,,,,,,,,,,,,,,,,,,
Group L,"Tuesday, June 23, at 4:00 PM",June 23,16:00,"Wednesday, 24 June 2026 at 03:00:00",June 24,3:00,England,Ghana,45,"Gillette Stadium, Foxborough",,,,,,,,,,,,,,,,,,,
Group L,"Tuesday, June 23, at 7:00 PM",June 23,19:00,"Wednesday, 24 June 2026 at 06:00:00",June 24,6:00,Panama,Croatia,46,"BMO Field, Toronto",,,,,,,,,,,,,,,,,,,
Group K,"Tuesday, June 23, at 10:00 PM",June 23,22:00,"Wednesday, 24 June 2026 at 09:00:00",June 24,9:00,Colombia,DR Congo,48,"Estadio Akron, Zapopan",Y,,,,,,,,,,,,,,,,,,
Group B,"Wednesday, June 24, at 3:00 PM",June 24,15:00,"Thursday, 25 June 2026 at 02:00:00",June 25,2:00,Switzerland,Canada,51,"BC Place, Vancouver",,,,,,,,,,,,,,,,,,,
Group B,"Wednesday, June 24, at 3:00 PM",June 24,15:00,"Thursday, 25 June 2026 at 02:00:00",June 25,2:00,Bosnia and Herzegovina,Qatar,52,"Lumen Field, Seattle",,,,,,,,,,,,,,,,,,,
Group C,"Wednesday, June 24, at 6:00 PM",June 24,18:00,"Thursday, 25 June 2026 at 05:00:00",June 25,5:00,Scotland,Brazil,49,"Hard Rock Stadium, Miami Gardens",Y,,,,,,,,,,,,,,,,,,
Group C,"Wednesday, June 24, at 6:00 PM",June 24,18:00,"Thursday, 25 June 2026 at 05:00:00",June 25,5:00,Morocco,Haiti,50,"Mercedes-Benz Stadium, Atlanta",Y,,,,,,,,,,,,,,,,,,
Group A,"Wednesday, June 24, at 9:00 PM",June 24,21:00,"Thursday, 25 June 2026 at 08:00:00",June 25,8:00,Czechia,Mexico,53,"Estadio Azteca, Mexico City",,,,,,,,,,,,,,,,,,,
Group A,"Wednesday, June 24, at 9:00 PM",June 24,21:00,"Thursday, 25 June 2026 at 08:00:00",June 25,8:00,South Africa,South Korea,54,"Estadio BBVA, Guadalupe",,,,,,,,,,,,,,,,,,,
Group E,"Thursday, June 25, at 4:00 PM",June 25,16:00,"Friday, 26 June 2026 at 03:00:00",June 26,3:00,Curacao,Ivory Coast,55,"Lincoln Financial Field, Philadelphia",,,,,,,,,,,,,,,,,,,
Group E,"Thursday, June 25, at 4:00 PM",June 25,16:00,"Friday, 26 June 2026 at 03:00:00",June 26,3:00,Ecuador,Germany,56,"MetLife Stadium, East Rutherford",,,,,,,,,,,,,,,,,,,
Group F,"Thursday, June 25, at 7:00 PM",June 25,19:00,"Friday, 26 June 2026 at 06:00:00",June 26,6:00,Japan,Sweden,57,"AT&T Stadium, Arlington",Y,,,,,,,,,,,,,,,,,,
Group F,"Thursday, June 25, at 7:00 PM",June 25,19:00,"Friday, 26 June 2026 at 06:00:00",June 26,6:00,Tunisia,Netherlands,58,"Arrowhead Stadium, Kansas City",Y,,,,,,,,,,,,,,,,,,
Group D,"Thursday, June 25, at 10:00 PM",June 25,22:00,"Friday, 26 June 2026 at 09:00:00",June 26,9:00,Türkiye,United States,59,"SoFi Stadium, Inglewood",,,,,,,,,,,,,,,,,,,
Group D,"Thursday, June 25, at 10:00 PM",June 25,22:00,"Friday, 26 June 2026 at 09:00:00",June 26,9:00,Paraguay,Australia,60,"Levi's Stadium, Santa Clara",,,,,,,,,,,,,,,,,,,
Group I,"Friday, June 26, at 3:00 PM",June 26,15:00,"Saturday, 27 June 2026 at 02:00:00",June 27,2:00,Norway,France,61,"Gillette Stadium, Foxborough",Y,,,,,,,,,,,,,,,,,,
Group I,"Friday, June 26, at 3:00 PM",June 26,15:00,"Saturday, 27 June 2026 at 02:00:00",June 27,2:00,Senegal,Iraq,62,"BMO Field, Toronto",Y,,,,,,,,,,,,,,,,,,
Group H,"Friday, June 26, at 8:00 PM",June 26,20:00,"Saturday, 27 June 2026 at 07:00:00",June 27,7:00,Cape Verde,Saudi Arabia,65,"NRG Stadium, Houston",,,,,,,,,,,,,,,,,,,
Group H,"Friday, June 26, at 8:00 PM",June 26,20:00,"Saturday, 27 June 2026 at 07:00:00",June 27,7:00,Uruguay,Spain,66,"Estadio Akron, Zapopan",,,,,,,,,,,,,,,,,,,
Group G,"Friday, June 26, at 11:00 PM",June 26,23:00,"Saturday, 27 June 2026 at 10:00:00",June 27,10:00,Egypt,Iran,63,"Lumen Field, Seattle",,,,,,,,,,,,,,,,,,,
Group G,"Friday, June 26, at 11:00 PM",June 26,23:00,"Saturday, 27 June 2026 at 10:00:00",June 27,10:00,New Zealand,Belgium,64,"BC Place, Vancouver",,,,,,,,,,,,,,,,,,,
Group L,"Saturday, June 27, at 5:00 PM",June 27,17:00,"Sunday, 28 June 2026 at 04:00:00",June 28,4:00,Panama,England,67,"MetLife Stadium, East Rutherford",,,,,,,,,,,,,,,,,,,
Group L,"Saturday, June 27, at 5:00 PM",June 27,17:00,"Sunday, 28 June 2026 at 04:00:00",June 28,4:00,Croatia,Ghana,68,"Lincoln Financial Field, Philadelphia",,,,,,,,,,,,,,,,,,,
Group K,"Saturday, June 27, at 7:30 PM",June 27,19:30,"Sunday, 28 June 2026 at 06:30:00",June 28,6:30,Colombia,Portugal,71,"Hard Rock Stadium, Miami Gardens",,,,,,,,,,,,,,,,,,,
Group K,"Saturday, June 27, at 7:30 PM",June 27,19:30,"Sunday, 28 June 2026 at 06:30:00",June 28,6:30,DR Congo,Uzbekistan,72,"Mercedes-Benz Stadium, Atlanta",,,,,,,,,,,,,,,,,,,
Group J,"Saturday, June 27, at 10:00 PM",June 27,22:00,"Sunday, 28 June 2026 at 09:00:00",June 28,9:00,Algeria,Austria,69,"Arrowhead Stadium, Kansas City",,,,,,,,,,,,,,,,,,,
Group J,"Saturday, June 27, at 10:00 PM",June 27,22:00,"Sunday, 28 June 2026 at 09:00:00",June 28,9:00,Jordan,Argentina,70,"AT&T Stadium, Arlington",,,,,,,,,,,,,,,,,,,
Round of 32,"Sunday, June 28, at 3:00 PM",June 28,15:00,"Monday, 29 June 2026 at 02:00:00",June 29,2:00,2A,2B,73,"Sofi Stadium, Inglewood",Y,,,,,,,,,,,,,,,,,,
Round of 32,"Monday, June 29, at 1:00 PM",June 29,13:00,"Tuesday, 30 June 2026 at 00:00:00",June 30,0:00,1C,2F,76,"NRG Stadium, Houston",Y,,,,,,,,,,,,,,,,,,
Round of 32,"Monday, June 29, at 4:30 PM",June 29,16:30,"Tuesday, 30 June 2026 at 03:30:00",June 30,3:30,1E,3ABCDF,74,"Gillette Stadium, Foxborough",Y,,,,,,,,,,,,,,,,,,
Round of 32,"Monday, June 29, at 9:00 PM",June 29,21:00,"Tuesday, 30 June 2026 at 08:00:00",June 30,8:00,1F,2C,75,"Estadio BBVA, Guadalupe",Y,,,,,,,,,,,,,,,,,,
Round of 32,"Tuesday, June 30, at 2:00 PM",June 30,14:00,"Wednesday, 1 July 2026 at 00:00:00",July 1,1:00,2E,2I,78,"AT&T Stadium, Arlington",Y,,,,,,,,,,,,,,,,,,
Round of 32,"Tuesday, June 30, at 5:00 PM",June 30,17:00,"Wednesday, 1 July 2026 at 04:00:00",July 1,4:00,1I,3CDFGH,77,"MetLife Stadium, East Rutherford",Y,,,,,,,,,,,,,,,,,,
Round of 32,"Tuesday, June 30, at 9:00 PM",June 30,21:00,"Wednesday, 1 July 2026 at 08:00:00",July 1,8:00,1A,3CEFHI,79,"Estadio Azteca, Mexico City",Y,,,,,,,,,,,,,,,,,,
Round of 32,"Wednesday, July 1, at 12:00 PM",July 1,12:00,"Wednesday, 1 July 2026 at 23:00:00",July 1,23:00,1L,3EHIJK,80,"Mercedes-Benz Stadium, Atlanta",Y,,,,,,,,,,,,,,,,,,
Round of 32,"Wednesday, July 1, at 4:00 PM",July 1,16:00,"Thursday, 2 July 2026 at 03:00:00",July 2,3:00,1G,3AEHIJ,82,"Lumen Field, Seattle",Y,,,,,,,,,,,,,,,,,,
Round of 32,"Wednesday, July 1, at 8:00 PM",July 1,20:00,"Thursday, 2 July 2026 at 07:00:00",July 2,7:00,1D,3BEFIJ,81,"Levi's Stadium, Santa Clara",Y,,,,,,,,,,,,,,,,,,
Round of 32,"Thursday, July 2, at 3:00 PM",July 2,15:00,"Friday, 3 July 2026 at 02:00:00",July 3,2:00,1H,2J,84,"Sofi Stadium, Inglewood",Y,,,,,,,,,,,,,,,,,,
Round of 32,"Thursday, July 2, at 7:00 PM",July 2,19:00,"Friday, 3 July 2026 at 06:00:00",July 3,6:00,2K,2L,83,"BMO Field, Toronto",Y,,,,,,,,,,,,,,,,,,
Round of 32,"Thursday, July 2, at 11:00 PM",July 2,23:00,"Friday, 3 July 2026 at 10:00:00",July 3,10:00,1B,3EFGIJ,85,"BC Place, Vancouver",Y,,,,,,,,,,,,,,,,,,
Round of 32,"Friday, July 3, at 2:00 PM",July 3,14:00,"Saturday, 4 July 2026 at 01:00:00",July 4,1:00,2D,2G,88,"AT&T Stadium, Arlington",Y,,,,,,,,,,,,,,,,,,
Round of 32,"Friday, July 3, at 6:00 PM",July 3,18:00,"Saturday, 4 July 2026 at 05:00:00",July 4,5:00,1J,2H,86,"Hard Rock Stadium, Miami Gardens",Y,,,,,,,,,,,,,,,,,,
Round of 32,"Friday, July 3, at 9:30 PM",July 3,21:30,"Saturday, 4 July 2026 at 08:30:00",July 4,8:30,1K,3DEIJL,87,"Arrowhead Stadium, Kansas City",Y,,,,,,,,,,,,,,,,,,
Round of 16,"Saturday, July 4, at 1:00 PM",July 4,13:00,"Sunday, 5 July 2026 at 00:00:00",July 5,0:00,W73,W75,90,"NRG Stadium, Houston",Y,,,,,,,,,,,,,,,,,,
Round of 16,"Saturday, July 4, at 5:00 PM",July 4,17:00,"Sunday, 5 July 2026 at 04:00:00",July 5,4:00,W74,W77,89,"Lincoln Financial Field, Philadelphia",Y,,,,,,,,,,,,,,,,,,
Round of 16,"Sunday, July 5, at 4:00 PM",July 5,16:00,"Monday, 6 July 2026 at 03:00:00",July 6,3:00,W76,W78,91,"MetLife Stadium, East Rutherford",Y,,,,,,,,,,,,,,,,,,
Round of 16,"Sunday, July 5, at 8:00 PM",July 5,20:00,"Monday, 6 July 2026 at 07:00:00",July 6,7:00,W79,W80,92,"Estadio Azteca, Mexico City",Y,,,,,,,,,,,,,,,,,,
Round of 16,"Monday, July 6, at 3:00 PM",July 6,15:00,"Tuesday, 7 July 2026 at 02:00:00",July 7,2:00,W83,W84,93,"AT&T Stadium, Arlington",Y,,,,,,,,,,,,,,,,,,
Round of 16,"Monday, July 6, at 8:00 PM",July 6,20:00,"Tuesday, 7 July 2026 at 07:00:00",July 7,7:00,W81,W82,94,"Lumen Field, Seattle",Y,,,,,,,,,,,,,,,,,,
Round of 16,"Tuesday, July 7, at 12:00 PM",July 7,12:00,"Tuesday, 7 July 2026 at 23:00:00",July 7,23:00,W86,W88,95,"Mercedes-Benz Stadium, Atlanta",Y,,,,,,,,,,,,,,,,,,
Round of 16,"Tuesday, July 7, at 4:00 PM",July 7,16:00,"Wednesday, 8 July 2026 at 03:00:00",July 8,3:00,W85,W87,96,"BC Place, Vancouver",Y,,,,,,,,,,,,,,,,,,
Quarterfinals,"Thursday, July 9, at 4:00 PM",July 9,16:00,"Friday, 10 July 2026 at 03:00:00",July 10,3:00,W89,W90,97,"Gillette Stadium, Foxborough",Y,,,,,,,,,,,,,,,,,,
Quarterfinals,"Friday, July 10, at 3:00 PM",July 10,15:00,"Saturday, 11 July 2026 at 02:00:00",July 11,2:00,W93,W94,98,"Sofi Stadium, Inglewood",Y,,,,,,,,,,,,,,,,,,
Quarterfinals,"Saturday, July 11, at 5:00 PM",July 11,17:00,"Sunday, 12 July 2026 at 04:00:00",July 12,4:00,W91,W92,99,"Hard Rock Stadium, Miami Gardens",Y,,,,,,,,,,,,,,,,,,
Quarterfinals,"Saturday, July 11, at 9:00 PM",July 11,21:00,"Sunday, 12 July 2026 at 08:00:00",July 12,8:00,W95,W96,100,"Arrowhead Stadium, Kansas City",Y,,,,,,,,,,,,,,,,,,
Semifinals,"Tuesday, July 14, at 3:00 PM",July 14,15:00,"Wednesday, 15 July 2026 at 02:00:00",July 15,2:00,W97,W98,101,"AT&T Stadium, Arlington",Y,,,,,,,,,,,,,,,,,,
Semifinals,"Wednesday, July 15, at 3:00 PM",July 15,15:00,"Thursday, 16 July 2026 at 02:00:00",July 16,2:00,W99,W100,102,"Mercedes-Benz Stadium, Atlanta",Y,,,,,,,,,,,,,,,,,,
Third Place,"Saturday, July 18, at 5:00 PM",July 18,17:00,"Sunday, 19 July 2026 at 04:00:00",July 19,4:00,L101,L102,103,"Hard Rock Stadium, Miami Gardens",Y,,,,,,,,,,,,,,,,,,
Final,"Sunday, July 19, at 3:00 PM",July 19,15:00,"Monday, 20 July 2026 at 02:00:00",July 20,2:00,W101,W102,104,"MetLife Stadium, East Rutherford",Y,,,,,,,,,,,,,,,,,,
,,,,,,,,,,,54,,,,,,,,,,,,,,,,,,